INSERT INTO student VALUES (11111111, 'BLOGGS', 'FRED', '01-JAN-1990');
INSERT INTO student VALUES (11111112, 'NICE', 'NICK', '10-OCT-1994');
INSERT INTO student VALUES (11111113, 'WHEAT', 'WENDY', '05-MAY-1990');
INSERT INTO student VALUES (11111114, 'SHEEN', 'CINDY', '25-DEC-1996');
SELECT * FROM student;

INSERT INTO unit VALUES ('FIT5132', 'INTRODUCTION TO DATABASES');
INSERT INTO unit VALUES ('FIT5016', 'PROJECT');
INSERT INTO unit VALUES ('FIT5111', 'STUDENT''S LIFE');
INSERT INTO unit VALUES ('FIT9999', 'FIT LAST UNIT');
SELECT * FROM unit;

INSERT INTO enrolment VALUES (11111111, 'FIT5132', 2013, '1', 35, 'N');
INSERT INTO enrolment VALUES (11111111, 'FIT5016', 2013, '1', 61, 'C');
INSERT INTO enrolment VALUES (11111111, 'FIT5132', 2013, '2', 42, 'N');
INSERT INTO enrolment VALUES (11111111, 'FIT5111', 2013, '2', 76, 'D');
INSERT INTO enrolment VALUES (11111111, 'FIT5132', 2014, '2', NULL, NULL);
INSERT INTO enrolment VALUES (11111112, 'FIT5132', 2013, '2', 83, 'HD');
INSERT INTO enrolment VALUES (11111112, 'FIT5111', 2013, '2', 79, 'D');
INSERT INTO enrolment VALUES (11111113, 'FIT5132', 2014, '2', NULL, NULL); 
INSERT INTO enrolment VALUES (11111113, 'FIT5111', 2014, '2', NULL, NULL);
INSERT INTO enrolment VALUES (11111114, 'FIT5111', 2014, '2', NULL, NULL);
SELECT * FROM enrolment;

UPDATE unit
SET unit_name = 'IT Project'
WHERE unit_code = 'FIT5016';
SELECT * FROM unit;

DELETE FROM unit
WHERE unit_code = 'FIT9999';
SELECT * FROM unit;

ALTER TABLE unit
ADD (unit_points NUMBER(2,0) DEFAULT 6);

create table FIT5132_STUDENT
as select *
from enrolment
where unit_code = 'FIT5132';

CREATE SEQUENCE student_seq START WITH 11111115;

INSERT INTO student VALUES (student_seq.nextval, 'MICKY', 'MOUSE', '20-MAY-1990');
COMMIT;